Melody Name,Average Information Content
2022-11-10-16-10-17_154.0,8.902897090163934
2022-11-10-16-29-32_137.0,6.7753525
2022-11-10-16-59-38_142.0,7.4398859328124995
2022-11-10-17-00-49_70.0,7.384159019354838
2022-11-10-17-06-16_83.0,6.882472317187499
2022-11-10-17-06-35_117.0,6.570783638095238
2022-11-10-17-07-16_137.0,6.15351073125
2022-11-10-17-07-32_139.0,6.457723533333333
2022-11-10-17-17-30_83.0,6.720410714285715
2022-11-10-17-17-47_79.0,6.638838469354839
2022-11-11-17-56-58_69.0,7.680453459677419
2022-11-11-17-57-23_82.0,8.559502276190479
2022-11-11-18-58-32_154.0,6.777889206349205
2022-11-11-18-58-57_151.0,6.486554607812501
2022-11-11-22-50-45_132.0,6.738738975
2022-11-11-22-50-57_68.0,6.7198375953125
2022-11-12-00-19-03_102.0,6.7085973640625
2022-11-12-01-15-42_87.0,7.051165842187499
2022-11-12-02-01-51_91.0,7.243431568749999
2022-11-12-05-46-48_140.0,6.7941059984375
2022-11-12-07-34-27_77.0,7.1560802190476185
2022-11-12-09-25-12_127.0,6.466330453968253
2022-11-12-10-56-36_71.0,7.345974725806451
2022-11-12-11-22-10_154.0,6.486853246875
2022-11-12-12-41-48_89.0,6.903144817460318
2022-11-12-13-38-40_116.0,6.688981380952382
2022-11-12-14-36-26_134.0,6.3438678671875
2022-11-12-15-00-45_87.0,7.315924398387097
2022-11-12-15-00-56_95.0,6.178204431746033
2022-11-12-15-25-27_75.0,6.22428801484375
2022-11-12-16-10-04_74.0,6.828532903125001
2022-11-12-18-14-48_138.0,6.934144768253969
2022-11-12-19-33-27_77.0,5.6259215865079355
2022-11-12-21-05-39_143.0,6.378854349206349
2022-11-12-22-02-15_161.0,6.484170849206349
2022-11-13-00-07-46_110.0,6.692167495238095
2022-11-13-00-31-55_117.0,6.43868425625
2022-11-13-00-43-20_90.0,6.1536268359375
2022-11-13-00-53-55_71.0,6.553305839062501
2022-11-13-02-13-29_121.0,7.233121585483871
2022-11-13-03-08-43_130.0,6.816760065625
2022-11-13-10-15-54_71.0,5.893246471875
2022-11-13-15-21-30_70.0,6.701903780952381
2022-11-13-16-21-53_152.0,5.967719634920633
2022-11-13-16-21-58_91.0,9.073840857812499
2022-11-13-16-33-13_140.0,6.734803120634921
2022-11-13-16-44-30_71.0,6.8699268047619055
2022-11-13-17-34-42_70.0,7.313773277419356
2022-11-13-19-38-07_69.0,6.3585084145161295
2022-11-13-21-53-55_82.0,7.247159179032258
2022-11-13-22-05-20_140.0,6.8581066687500005
2022-11-13-22-52-36_172.0,7.412438625
2022-11-13-23-16-50_139.0,6.010376893749999
2022-11-14-00-47-45_68.0,6.58786928125
2022-11-14-03-36-19_83.0,7.2969200531250005
2022-11-14-04-34-24_150.0,7.43137423125
2022-11-14-08-08-12_99.0,6.065421347619048
2022-11-14-08-21-45_144.0,7.461972966666668
2022-11-14-08-21-51_161.0,8.45360553015873
2022-11-14-10-59-18_153.0,6.622858246031746
2022-11-14-12-18-48_69.0,7.760540920967742
2022-11-14-12-52-01_155.0,6.7248308796875
2022-11-14-13-04-02_119.0,8.018473301612904
2022-11-14-13-04-15_93.0,5.7767480437500005
2022-11-14-17-09-32_144.0,5.848787015625
2022-11-14-17-09-39_129.0,6.426065017741936
2022-11-14-18-18-33_125.0,6.569094948387097
2022-11-14-20-21-51_72.0,6.3829225984375
2022-11-14-20-34-37_84.0,6.501991784375
2022-11-14-20-34-51_86.0,6.514059940625
2022-11-14-21-31-47_142.0,5.681433548437501
2022-11-14-21-43-48_134.0,6.314941996875
2022-11-14-23-39-51_128.0,11.693782587096774
2022-11-15-00-02-20_98.0,6.266573734920635
2022-11-15-00-15-12_83.0,5.6038066
2022-11-15-01-45-30_71.0,6.2570925078125
2022-11-15-06-25-09_79.0,6.0491413546874995
2022-11-15-06-56-22_71.0,7.221698195238096
2022-11-15-08-01-49_89.0,6.0338747984375
2022-11-15-12-25-53_71.0,6.239274229032258
2022-11-15-14-09-21_106.0,6.8933232171875
2022-11-15-14-22-34_144.0,6.55285392419355
2022-11-15-14-55-31_93.0,6.34180885
2022-11-15-15-54-14_72.0,6.526650795238096
2022-11-15-15-54-19_144.0,5.955043307936508
2022-11-15-16-06-49_139.0,6.938967088888887
2022-11-15-16-07-00_71.0,5.570762457812499
2022-11-15-16-19-15_94.0,6.889656869354839
2022-11-15-17-16-50_87.0,6.776529628571428
2022-11-15-18-44-08_149.0,6.30695869375
2022-11-15-18-57-18_88.0,6.1376005859375
2022-11-15-19-11-15_89.0,7.55934891875
2022-11-15-19-11-38_99.0,6.9627918428571425
2022-11-15-19-50-10_139.0,7.1484200109375
2022-11-15-21-44-36_69.0,6.3594987750000005
2022-11-15-23-29-38_116.0,6.868637766666667
2022-11-16-00-28-30_163.0,7.097447096875
2022-11-16-00-28-41_142.0,6.375527884375
2022-11-16-01-48-03_107.0,6.523215567187501
2022-11-16-08-08-45_85.0,7.371891259677419
2022-11-16-16-50-24_161.0,6.7107928609375
2022-11-16-19-01-39_84.0,6.07754833968254
2022-11-16-21-31-43_139.0,6.947293509374999
2022-11-16-21-55-21_142.0,6.158195481967215
2022-11-16-22-06-05_161.0,6.497256782539682
2022-11-16-22-39-57_146.0,7.425122628333335
2022-11-16-23-02-37_96.0,5.918257140625
2022-11-17-00-09-54_137.0,7.034134958730158
2022-11-17-00-44-47_139.0,6.6469210671875
2022-11-17-02-01-51_82.0,6.599947184375
2022-11-17-03-33-11_73.0,7.1588134126984135
2022-11-17-05-15-45_120.0,6.57038818125
2022-11-17-08-09-09_144.0,6.269588407213115
2022-11-17-08-31-27_119.0,6.797305721875
2022-11-17-09-03-43_139.0,6.9485348046875
2022-11-17-11-05-44_123.0,6.201858844444444
2022-11-17-11-17-55_95.0,6.28665844126984
2022-11-17-13-09-58_150.0,6.547196265625
2022-11-17-13-10-04_97.0,7.249574793548388
2022-11-17-14-50-00_81.0,7.2005092531249995
2022-11-17-16-26-19_163.0,7.270066996774193
2022-11-17-18-12-51_151.0,6.434996300000001
2022-11-17-18-13-17_133.0,7.494078998387097
2022-11-17-19-58-18_71.0,6.620591253124999
2022-11-17-21-11-36_166.0,6.293769320312499
2022-11-17-21-58-17_129.0,6.7035689234374995
2022-11-18-02-16-04_136.0,6.51741559375
2022-11-18-02-16-32_119.0,6.5184929703125
2022-11-18-03-39-47_88.0,7.8286586274193555
2022-11-18-05-41-53_69.0,7.469693804761905
2022-11-18-06-03-18_96.0,6.4655865046875
2022-11-18-07-45-16_106.0,5.79300840952381
2022-11-18-08-19-00_127.0,6.0849859515624996
2022-11-18-08-19-07_135.0,6.825665944444443
2022-11-18-08-41-46_129.0,6.584560395312501
2022-11-18-09-03-48_146.0,6.489408947619048
2022-11-18-09-15-46_120.0,11.65023757936508
2022-11-18-09-26-40_111.0,8.0397549875
2022-11-18-10-10-00_72.0,5.797534268253967
2022-11-18-11-05-42_71.0,6.323806665079364
2022-11-18-11-50-38_69.0,12.49029846875
2022-11-18-14-32-10_139.0,6.484754926984127
2022-11-18-14-44-53_129.0,7.816201149180327
2022-11-18-16-41-24_153.0,5.748950865625
2022-11-18-17-17-20_119.0,6.71314852295082
2022-11-18-17-40-54_88.0,6.9312572328125
2022-11-18-18-04-23_91.0,7.356714565079366
2022-11-18-18-18-29_125.0,6.3903762612903225
2022-11-18-23-15-12_100.0,6.202291803125
2022-11-18-23-27-46_120.0,7.4978596081967215
2022-11-18-23-28-02_93.0,7.123629295161289
2022-11-19-00-06-06_142.0,7.773016453225807
2022-11-19-00-30-43_144.0,6.535825852380952
2022-11-19-01-27-02_140.0,6.77249765625
2022-11-19-01-51-11_128.0,6.306458290625001
2022-11-19-03-11-50_142.0,6.489957340625
2022-11-19-03-11-57_162.0,6.145315720634923
2022-11-19-04-07-40_71.0,6.3644179140625
2022-11-19-09-34-49_149.0,7.5439869328124995
2022-11-19-10-10-05_162.0,9.1920593140625
2022-11-19-10-57-08_115.0,8.176628976190477
2022-11-19-13-24-12_69.0,7.455688814516129
2022-11-19-14-08-42_125.0,6.8006394828125
2022-11-19-14-20-43_71.0,11.45212912096774
2022-11-19-17-37-54_69.0,6.241892383870968
2022-11-19-17-38-04_122.0,6.3521685171875
2022-11-19-17-38-09_123.0,6.706142039682541
2022-11-19-19-00-25_74.0,6.42577201875
2022-11-19-19-23-26_123.0,6.956715720634921
2022-11-19-19-57-35_70.0,6.5286283609375
2022-11-19-20-08-58_163.0,7.049650450793651
2022-11-19-20-09-05_116.0,7.297461831250001
2022-11-19-22-04-40_94.0,6.525363901587301
2022-11-19-22-04-47_76.0,6.70741720967742
2022-11-19-23-03-04_91.0,6.703089067741936
2022-11-19-23-26-03_144.0,6.4927283921875
2022-11-20-00-39-49_164.0,6.4975703515625
2022-11-20-01-17-04_161.0,6.279669196875
2022-11-20-03-52-23_89.0,6.472885723809523
2022-11-20-08-18-16_71.0,6.429775601639344
2022-11-20-08-19-01_119.0,6.05099053125
2022-11-20-11-07-22_140.0,6.5029061890625
2022-11-20-13-08-12_172.0,7.688706047619048
2022-11-20-13-56-35_89.0,6.3192197046875
2022-11-20-14-07-27_115.0,6.0258675728124995
2022-11-20-15-41-32_136.0,7.126840568253968
2022-11-20-16-03-49_136.0,6.300401606349206
2022-11-20-16-17-28_88.0,7.347937993548387
2022-11-20-16-53-29_134.0,6.1360750625
2022-11-20-17-05-15_151.0,7.325833060937501
2022-11-20-18-03-11_109.0,7.029691622580645
2022-11-20-18-50-44_143.0,6.055911865625
2022-11-21-00-29-42_129.0,7.368060690476192
2022-11-21-01-04-34_140.0,6.573329050819672
2022-11-21-01-04-59_161.0,6.37160958125
2022-11-21-02-13-11_122.0,6.1546636609375
2022-11-21-03-21-50_139.0,7.1440773046874995
2022-11-21-03-21-55_79.0,6.277624653968253
2022-11-21-09-49-02_122.0,8.094862514754098
2022-11-21-11-08-26_91.0,7.320288709375001
2022-11-21-11-08-48_69.0,6.849999601587301
2022-11-21-12-51-25_91.0,6.9457356096774205
2022-11-21-12-52-04_122.0,6.9037049625
2022-11-21-14-28-49_72.0,6.10064028095238
2022-11-21-14-52-05_71.0,6.6391189671875
2022-11-21-16-35-30_139.0,6.657088212698412
2022-11-21-16-46-45_147.0,6.902528193442623
2022-11-21-18-07-16_144.0,11.450096879365079
2022-11-21-19-54-29_97.0,7.4147409475409845
2022-11-21-20-18-46_106.0,6.192636314062501
2022-11-21-21-05-00_77.0,7.460653574999999
2022-11-21-21-05-18_87.0,6.404449644444445
2022-11-21-22-13-03_78.0,7.271257134920634
2022-11-22-01-02-30_131.0,5.956051290625
2022-11-22-02-13-06_106.0,6.566551265625
2022-11-22-03-07-50_78.0,6.4935299828125
2022-11-22-03-19-45_140.0,5.869012319687499
2022-11-22-04-50-12_163.0,10.65038093333333
2022-11-22-09-00-22_97.0,7.254491034920635
2022-11-22-11-45-52_71.0,7.5048201629032265
2022-11-22-13-17-00_178.0,6.1543118396825385
2022-11-22-13-27-50_150.0,6.9754222328125
2022-11-22-13-49-03_109.0,6.4343758187499995
2022-11-22-14-12-58_79.0,9.849132112903227
2022-11-22-14-36-03_142.0,6.734960534375
2022-11-22-16-19-07_85.0,6.7782217396825395
2022-11-22-16-31-49_156.0,7.743636022222223
2022-11-22-17-07-44_70.0,6.3600404859375
2022-11-22-18-31-13_73.0,13.941279938095235
2022-11-22-19-03-49_70.0,5.977161625
2022-11-22-20-04-35_130.0,6.387996771874999
2022-11-22-20-16-36_85.0,6.522717333333333
2022-11-22-21-46-47_150.0,7.223849250793649
2022-11-22-21-58-05_145.0,6.58861354516129
2022-11-22-23-05-06_163.0,6.0171023415625
2022-11-22-23-05-20_119.0,7.015650076190477
2022-11-23-00-48-03_69.0,7.511949707936508
2022-11-23-01-09-48_87.0,6.262696567741935
2022-11-23-01-33-04_106.0,6.1437137234375
2022-11-23-02-28-41_149.0,7.3005961218749995
2022-11-23-02-50-06_79.0,6.406127603125
2022-11-23-10-52-41_69.0,6.8677811078125
2022-11-23-13-31-10_150.0,6.4336249031746044
2022-11-23-15-11-28_72.0,6.187300339062499
2022-11-23-15-23-46_90.0,7.6831227161290325
2022-11-23-16-08-32_140.0,7.0682266203125
2022-11-23-16-08-59_71.0,6.44200935873016
2022-11-23-17-06-38_154.0,6.6185719015624995
2022-11-23-20-02-51_161.0,6.2637453625
2022-11-23-20-59-57_68.0,6.777631625
2022-11-23-22-07-48_136.0,6.908136821875
2022-11-23-22-53-25_128.0,7.255348290322582
2022-11-23-23-04-42_81.0,7.0259814333333335
2022-11-23-23-16-47_133.0,6.2860945765625
2022-11-24-00-23-12_80.0,6.261364603124999
2022-11-24-00-45-33_92.0,6.91590850952381
2022-11-24-02-17-24_74.0,5.971815436507936
2022-11-24-08-03-44_120.0,6.4434850546875
2022-11-24-08-03-54_153.0,7.546973593650794
2022-11-24-08-04-18_140.0,7.39593896875
2022-11-24-08-17-31_153.0,7.432646035483871
2022-11-24-09-22-12_139.0,6.5948953222222215
2022-11-24-11-05-12_129.0,6.0897279187499995
2022-11-24-14-04-07_135.0,6.8921747515625
2022-11-24-15-15-36_90.0,5.4972449125
2022-11-24-16-04-05_139.0,7.5589882033898315
2022-11-24-16-17-04_106.0,7.3356343765625
2022-11-24-17-10-30_84.0,7.0567595843749995
2022-11-24-17-24-09_69.0,6.233237415625
2022-11-24-17-35-20_79.0,6.02911407936508
2022-11-24-17-56-56_70.0,7.2111535609375
2022-11-24-18-09-40_108.0,7.0073189380952385
2022-11-24-18-34-07_95.0,6.800369331250001
2022-11-24-19-21-53_94.0,7.123079331746032
2022-11-24-19-35-01_70.0,7.2503752920634925
2022-11-24-20-10-09_83.0,5.7178154109375
2022-11-24-21-06-13_150.0,5.984483595312501
2022-11-24-22-02-52_133.0,7.421000516393443
2022-11-24-22-27-09_143.0,5.962874041269842
2022-11-24-23-12-02_96.0,7.213323193650794
2022-11-24-23-23-21_139.0,7.309932717460317
2022-11-24-23-55-42_73.0,6.0384718515625
2022-11-25-00-07-05_132.0,8.92911576031746
2022-11-25-00-29-51_117.0,9.553586056451612
2022-11-25-08-08-23_71.0,6.786870036507938
2022-11-25-09-07-02_65.0,6.631031647619048
2022-11-25-09-07-06_98.0,6.502619075
2022-11-25-11-09-53_113.0,6.4113937140625
2022-11-25-11-23-31_150.0,5.769103938709677
2022-11-25-12-40-24_70.0,6.595067395161291
2022-11-25-14-55-13_152.0,6.910704393548387
2022-11-25-15-07-33_73.0,9.2002327203125
2022-11-25-18-54-34_100.0,6.895144115873016
2022-11-25-19-42-54_141.0,7.037796501612904
2022-11-25-20-07-14_140.0,6.1212484734375
2022-11-25-20-18-42_136.0,6.2667270619047635
2022-11-25-21-27-39_98.0,7.0220796682539675
2022-11-25-22-01-54_163.0,6.351582629032258
2022-11-25-22-48-02_154.0,5.98310033984375
2022-11-26-00-07-59_139.0,5.7524717609375
2022-11-26-00-08-14_140.0,6.334520177419355
2022-11-26-00-20-40_129.0,6.8188551888888895
2022-11-26-01-15-54_165.0,7.694733319047619
2022-11-26-01-16-03_156.0,6.669795477777776
2022-11-26-01-27-12_136.0,7.472398120634923
2022-11-26-03-18-48_156.0,7.930248015873016
2022-11-26-04-04-18_156.0,6.664236234920634
2022-11-26-04-04-26_139.0,6.70838286031746
2022-11-26-08-15-56_95.0,6.605503246875
2022-11-26-08-16-03_97.0,7.2288281234375
2022-11-26-08-50-00_139.0,5.934713970312499
2022-11-26-11-23-22_143.0,6.7107080109375
2022-11-26-12-51-05_68.0,6.8437604682539686
2022-11-26-14-44-39_97.0,5.912377996875
2022-11-26-14-55-58_147.0,7.21115044032258
2022-11-26-15-51-48_105.0,6.607091753125
2022-11-26-17-05-10_79.0,5.9610516765625
2022-11-26-17-41-15_140.0,6.946290866666667
2022-11-26-18-17-20_97.0,7.338483740625
2022-11-26-18-40-17_149.0,6.6021138890625
2022-11-26-19-14-00_154.0,7.339183371875
2022-11-26-19-59-31_85.0,6.618272546875
2022-11-26-20-36-00_102.0,11.426774425396824
2022-11-26-20-58-17_129.0,6.700535967187499
2022-11-26-22-04-55_172.0,6.83828340952381
2022-11-26-23-00-50_89.0,6.34130380625
2022-11-26-23-12-25_112.0,6.819777755555556
2022-11-27-00-20-21_143.0,6.6711752672131155
2022-11-27-01-38-36_102.0,6.4834152140625
2022-11-27-01-38-46_142.0,5.877677114285714
2022-11-27-02-12-53_166.0,5.961012450793651
2022-11-27-03-18-55_139.0,6.687350004761906
2022-11-27-04-14-39_84.0,7.084382036507934
2022-11-27-08-14-02_70.0,7.265741557142857
2022-11-27-08-44-47_103.0,5.8889917140625005
2022-11-27-09-16-39_88.0,6.2989196546875
2022-11-27-09-54-36_99.0,6.115514041269841
2022-11-27-10-17-11_126.0,6.2802876859375
2022-11-27-10-39-41_152.0,6.245323184126983
2022-11-27-11-01-58_92.0,7.597458693750001
2022-11-27-11-13-44_161.0,6.554313588888888
2022-11-27-12-07-50_156.0,6.94293181904762
2022-11-27-12-07-57_99.0,6.85691341451613
2022-11-27-16-04-16_140.0,7.889150898387098
2022-11-27-18-36-07_137.0,7.3091978875
2022-11-27-19-32-12_81.0,6.3126077460317465
2022-11-27-19-54-57_95.0,8.364634178688526
2022-11-27-22-27-11_150.0,6.998157289062499
2022-11-27-23-33-33_94.0,6.760585253125
2022-11-27-23-33-49_86.0,7.5892467609375
2022-11-28-01-06-47_121.0,6.021231924590163
2022-11-28-01-53-32_149.0,13.788808087301588
2022-11-28-02-36-44_89.0,5.5799085015625005
2022-11-28-02-36-57_111.0,6.546980889365081
2022-11-28-02-48-27_84.0,6.327072082539683
2022-11-28-09-34-55_134.0,11.149936512698414
2022-11-28-12-23-53_131.0,6.128582995312501
2022-11-28-12-24-18_84.0,6.979326971428572
2022-11-28-13-08-01_153.0,6.4627768578125
2022-11-28-13-08-23_87.0,6.711457812698414
2022-11-28-14-39-12_120.0,7.060869606349207
2022-11-28-15-03-17_140.0,6.37536271904762
2022-11-28-15-03-32_140.0,6.288672618750001
2022-11-28-16-13-33_138.0,6.949180740625
2022-11-28-16-13-55_85.0,6.815390485937501
2022-11-28-18-10-42_70.0,7.100541983870967
2022-11-28-18-57-15_69.0,6.9271088171875
2022-11-28-18-57-21_133.0,7.836884365079365
2022-11-28-19-55-09_139.0,7.2116259666666656
2022-11-28-20-18-42_106.0,6.561248704761905
2022-11-28-22-59-40_129.0,7.519810977419356
2022-11-28-23-11-03_84.0,6.6971546375
2022-11-28-23-45-16_117.0,6.007845371875
2022-11-28-23-56-10_103.0,6.1699174703125
2022-11-29-00-19-39_123.0,6.499257903125001
2022-11-29-01-03-45_92.0,6.897001625396826
2022-11-29-08-10-24_144.0,5.868438695161291
2022-11-29-08-10-28_148.0,6.8446036984375
2022-11-29-10-02-13_139.0,7.3090204984375
2022-11-29-13-10-32_155.0,7.233865241269841
2022-11-29-15-49-10_70.0,5.6999885421875
2022-11-29-17-27-00_71.0,6.624221117460318
2022-11-29-18-10-40_72.0,6.27076801904762
2022-11-29-19-12-34_70.0,6.701347591935484
2022-11-29-23-25-18_124.0,6.429878445312501
2022-11-30-00-08-52_140.0,6.104681207936507
2022-11-30-00-53-01_145.0,6.15032850625
2022-11-30-02-10-38_84.0,10.48564925967742
2022-11-30-02-32-36_118.0,6.900723638709676
2022-11-30-10-24-21_131.0,7.080162101587301
2022-11-30-10-35-28_97.0,5.703759790625
2022-11-30-11-20-39_96.0,7.1088654812500005
2022-11-30-11-20-44_104.0,6.7593419796875
2022-11-30-14-42-06_139.0,6.7285261269841286
2022-11-30-15-50-04_87.0,6.443835679365079
2022-11-30-17-17-24_151.0,5.829973698437501
2022-11-30-18-59-16_77.0,6.878973217460317
2022-11-30-20-31-55_80.0,6.86493422063492
2022-11-30-21-53-14_143.0,9.156111412903225
2022-12-01-14-17-45_108.0,7.2204260703125005
2022-12-01-14-29-49_88.0,7.027247736507936
2022-12-01-14-52-24_140.0,6.3653222437500006
2022-12-01-16-00-45_138.0,6.4587904428571425
2022-12-01-16-00-50_104.0,6.884317742857143
2022-12-01-16-26-42_142.0,8.728540417460318
2022-12-01-20-27-42_163.0,6.5154404453125
2022-12-01-21-00-44_72.0,6.82068672063492
2022-12-01-21-25-05_162.0,5.738439092063493
2022-12-02-00-01-29_71.0,10.077683564516127
2022-12-02-08-48-37_73.0,6.810273891935484
2022-12-02-09-44-39_112.0,6.954337514516129
2022-12-02-12-53-09_136.0,6.2410629703125
2022-12-02-14-48-07_150.0,6.851935821875
2022-12-02-15-22-14_103.0,7.284824413114754
2022-12-02-15-33-19_93.0,6.152189617187499
2022-12-02-17-15-42_161.0,6.5765249484375
2022-12-02-18-13-49_143.0,7.842700554098359
2022-12-02-18-25-32_172.0,6.573654477777779
2022-12-02-18-37-29_70.0,7.482356179032258
2022-12-02-19-38-59_134.0,7.520848963492064
2022-12-02-19-50-58_154.0,7.215371321311476
2022-12-02-20-48-33_135.0,6.8187187555555555
2022-12-02-21-56-23_145.0,6.485961182258064
2022-12-02-22-20-45_150.0,11.212703752459017
2022-12-02-23-17-25_67.0,6.701718436507937
2022-12-03-00-01-50_79.0,7.18456696031746
2022-12-03-00-24-40_115.0,6.975896806451614
2022-12-03-01-43-24_118.0,6.384385107812499
2022-12-03-02-39-49_139.0,6.520269875806452
2022-12-03-02-51-05_138.0,5.8186640515625
2022-12-03-03-02-23_139.0,6.630898558730158
2022-12-03-11-02-47_139.0,7.270300882539683
2022-12-03-11-27-35_98.0,13.654098773015871
2022-12-03-12-48-14_95.0,7.662312890476191
2022-12-03-13-11-01_93.0,7.541424565625
2022-12-03-13-55-02_140.0,6.794662740625
2022-12-03-14-50-40_129.0,7.361032540625
2022-12-03-15-06-08_140.0,6.993190985937501
2022-12-03-15-06-17_72.0,7.167498814516129
2022-12-03-15-42-51_161.0,6.7078902515625005
2022-12-03-17-21-19_129.0,5.667408557142856
2022-12-03-18-34-32_82.0,7.1824710515625
2022-12-03-20-17-58_87.0,6.292807704761906
2022-12-03-22-13-13_122.0,8.403189727868853
2022-12-03-22-13-19_153.0,6.78451096875
2022-12-03-23-33-09_150.0,7.306363474603176
2022-12-04-01-01-36_95.0,9.000277265079365
2022-12-04-01-47-38_110.0,5.944756446875
2022-12-04-02-31-26_153.0,6.8746660578125
2022-12-04-03-03-50_72.0,6.6676675921875
2022-12-04-08-17-00_98.0,7.004406244444445
2022-12-04-09-12-27_82.0,6.8671007
2022-12-04-09-38-39_153.0,6.807219633333332
2022-12-04-10-15-28_137.0,6.264730822222223
2022-12-04-13-12-00_172.0,6.1779213749999995
2022-12-04-14-52-19_114.0,6.739565887096774
2022-12-04-15-51-23_101.0,7.8516416803278695
2022-12-04-16-03-59_164.0,6.722065785714286
2022-12-04-16-16-30_119.0,6.708943842857143
2022-12-04-16-16-40_89.0,7.608323944444446
2022-12-04-16-49-47_125.0,6.931732009375001
2022-12-04-17-17-21_107.0,6.5625708296875
2022-12-04-17-17-33_74.0,7.212624617460318
2022-12-04-18-11-56_71.0,6.71836554375
2022-12-04-18-12-08_82.0,6.425195139682541
2022-12-04-18-24-00_164.0,6.947908766666665
2022-12-04-18-57-27_104.0,6.780715690476189
2022-12-04-19-11-38_117.0,6.6069561109374995
2022-12-04-21-02-46_89.0,6.537937417460318
2022-12-04-21-48-59_106.0,6.5796570484375
2022-12-04-22-10-50_140.0,6.76323110625
2022-12-05-02-08-13_140.0,5.61646020625
2022-12-08-15-10-17_79.0,6.284568426562499
2022-12-08-15-55-59_91.0,7.016200376190476
2022-12-08-16-07-56_68.0,7.176526328125
2022-12-08-16-41-51_104.0,6.48723449375
2022-12-08-17-04-25_90.0,6.5446859619047615
2022-12-08-18-13-42_142.0,5.704928465079366
2022-12-08-18-48-01_72.0,6.985671462499999
2022-12-08-20-30-52_121.0,7.592667944444443
2022-12-08-21-28-16_85.0,6.898608728571429
2022-12-08-23-21-51_131.0,12.265492098412698
2022-12-08-23-55-22_146.0,6.689583480645161
2022-12-09-01-03-19_128.0,7.020488414285713
2022-12-09-01-27-09_129.0,6.740990193650792
2022-12-09-08-15-38_71.0,10.972881820634921
2022-12-09-11-47-46_153.0,6.881030928571427
2022-12-09-12-34-34_70.0,7.121680882539682
2022-12-09-12-34-41_153.0,7.0480302140625
2022-12-09-13-07-26_77.0,9.1329783234375
2022-12-09-14-04-52_148.0,11.992537693650792
2022-12-09-14-39-00_131.0,11.774347688524589
2022-12-09-17-08-24_129.0,6.49201343015873
2022-12-09-17-42-01_120.0,7.089406827868853
2022-12-09-21-44-57_129.0,6.502397021311476
2022-12-09-22-08-08_87.0,7.372776346774193
2022-12-09-23-29-14_95.0,6.287991912500001
2022-12-10-00-02-32_79.0,6.992424919047618
2022-12-10-00-02-45_114.0,6.447752004761905
2022-12-10-00-27-06_130.0,12.967260044444444
2022-12-10-00-38-12_81.0,6.4805955859375
2022-12-10-00-49-29_69.0,7.1657301
2022-12-10-01-11-20_92.0,6.5984754140625
2022-12-10-01-22-25_139.0,6.9737628435483865
2022-12-10-02-07-06_109.0,6.695332810937501
2022-12-10-02-18-46_139.0,6.5554394725806455
2022-12-10-02-41-21_122.0,6.872626198412698
2022-12-10-08-06-18_122.0,6.93133543125
2022-12-10-08-19-56_80.0,6.9081685328125
2022-12-10-09-04-04_142.0,6.42990145
2022-12-10-09-49-42_76.0,5.859525001587301
2022-12-10-11-06-43_142.0,6.837663496774193
2022-12-10-11-30-20_74.0,6.610450374999999
2022-12-10-17-31-53_163.0,7.205237005
2022-12-10-18-18-19_91.0,10.361069837704918
2022-12-10-18-40-04_79.0,6.370120339062501
2022-12-10-21-19-00_87.0,6.480439555555556
2022-12-10-21-30-17_140.0,7.040527691803279
2022-12-10-22-04-39_99.0,5.7075951703125
2022-12-10-22-28-21_172.0,6.223999093125
2022-12-10-23-02-38_106.0,9.577659015625
2022-12-11-01-17-57_148.0,6.73896573125
2022-12-11-02-13-30_150.0,6.578074228125
2022-12-11-04-25-14_126.0,7.458483486885245
2022-12-11-04-57-22_133.0,6.442564715625
2022-12-11-05-08-35_89.0,6.682065484126984
2022-12-11-05-32-06_84.0,7.273919750819672
2022-12-11-08-11-20_83.0,6.4294240796875
2022-12-11-10-47-28_108.0,7.386333019047619
2022-12-11-11-42-20_71.0,5.388679075000001
2022-12-11-13-09-48_69.0,6.0878445249999995
2022-12-11-13-33-21_117.0,7.538287326984127
2022-12-11-14-18-42_141.0,6.639532678125001
2022-12-11-15-04-04_87.0,7.2430969734375
2022-12-11-15-27-03_142.0,6.9458566078125
2022-12-11-16-55-52_163.0,6.271811247540983
2022-12-11-18-03-36_156.0,11.184582441269841
2022-12-11-18-16-09_69.0,7.3221590890625
2022-12-11-19-10-18_150.0,5.897775217741935
2022-12-11-19-10-29_142.0,7.2192838875
2022-12-11-19-10-34_143.0,6.86623003809524
2022-12-11-19-22-36_136.0,6.307668815873015
2022-12-11-19-22-46_85.0,6.5530623328125
2022-12-11-21-16-58_70.0,7.348212901587301
2022-12-11-21-28-16_143.0,6.899145593750001
2022-12-11-23-32-52_71.0,7.071219825
2022-12-12-00-06-26_84.0,6.042880559375
2022-12-12-00-06-42_80.0,6.664516107936508
2022-12-12-01-47-45_71.0,7.214946357812501
2022-12-12-08-13-00_127.0,6.564987027868853
2022-12-12-10-24-30_74.0,6.27414519047619
2022-12-12-10-47-41_119.0,7.334405085714288
2022-12-12-11-44-39_129.0,7.6603770265625
2022-12-12-14-45-24_154.0,6.416802590625
2022-12-12-15-54-34_137.0,6.538755098437499
2022-12-12-16-18-57_71.0,6.512256807936509
2022-12-12-19-21-56_81.0,6.776184185714285
2022-12-12-19-33-39_95.0,8.792100866666667
2022-12-12-19-55-07_71.0,11.85895131904762
2022-12-12-19-55-24_94.0,7.271565643548388
2022-12-12-22-27-09_96.0,6.2919010078125
2022-12-12-22-49-32_139.0,6.89659605625
2022-12-12-22-49-38_122.0,7.241059503124999
2022-12-12-23-11-27_154.0,7.2340311515625
2022-12-12-23-35-05_126.0,6.7290477140625
2022-12-12-23-55-55_113.0,6.5258181142857135
2022-12-13-00-31-08_77.0,5.8610940515625005
2022-12-13-08-10-09_140.0,6.739754568253967
2022-12-13-11-46-28_87.0,6.361851238095238
2022-12-13-14-05-33_69.0,7.247524698412697
2022-12-13-16-14-35_104.0,6.2151148953124995
2022-12-13-16-14-58_86.0,6.380523258730158
2022-12-13-17-11-33_161.0,6.661034647619045
2022-12-13-18-07-58_70.0,7.120574118032786
2022-12-13-18-08-04_73.0,5.911875700000001
2022-12-13-18-21-00_99.0,6.77396378852459
2022-12-13-18-21-11_155.0,6.797475003125
2022-12-13-20-02-56_88.0,5.984662164062501
2022-12-13-21-35-43_143.0,6.7541674828125
2022-12-13-22-54-22_130.0,7.742290835937501
2022-12-14-09-06-49_71.0,6.433444598412699
2022-12-14-10-36-42_67.0,6.718083538095238
2022-12-14-12-27-29_144.0,6.033827787301587
2022-12-14-13-10-43_144.0,6.386005865079365
2022-12-14-13-44-04_84.0,6.783789040625001
2022-12-14-15-03-58_94.0,6.952304923809524
2022-12-14-16-02-16_127.0,6.6844595265625
2022-12-14-16-02-27_156.0,6.468290717460318
2022-12-14-16-27-23_84.0,6.834322784375
2022-12-14-16-48-49_88.0,5.818358669841268
2022-12-14-17-10-36_156.0,7.228587248437499
2022-12-14-17-10-43_103.0,6.141557028125
2022-12-14-17-10-54_71.0,6.873044618032788
2022-12-14-17-11-02_144.0,6.17215133125
2022-12-14-17-45-58_75.0,6.311949915873015
2022-12-14-18-54-54_95.0,7.3258622967741935
2022-12-14-20-03-59_132.0,6.80228040625
2022-12-14-21-48-20_98.0,6.847571149206351
2022-12-15-00-36-38_154.0,6.310584804687499
2022-12-15-00-48-20_151.0,6.976133836065574
2022-12-15-01-54-46_139.0,7.6113106609375
2022-12-15-02-49-53_109.0,5.9817040171875
2022-12-15-10-21-00_137.0,6.9526354
2022-12-15-11-39-24_143.0,7.930220337096774
2022-12-15-11-51-12_139.0,6.7432637296875
2022-12-15-14-49-19_129.0,5.259421433437501
2022-12-15-16-21-10_161.0,5.9128805734375
2022-12-15-17-39-44_119.0,6.8444023274193535
2022-12-15-19-36-57_129.0,7.304129028125001
2022-12-15-19-49-31_71.0,7.433211658064516
2022-12-15-20-01-16_144.0,5.984331134375001
2022-12-15-20-13-31_86.0,6.72950729375
2022-12-15-21-10-35_114.0,6.8277546234375
2022-12-15-21-10-38_129.0,6.210138334375
2022-12-15-21-23-13_126.0,9.793389415873014
2022-12-15-21-57-35_70.0,8.346578925806451
2022-12-15-23-38-54_78.0,6.5847120852459025
2022-12-16-02-03-47_70.0,6.606244996875
2022-12-16-02-04-12_80.0,7.8383692859375
2022-12-16-12-01-47_73.0,7.19823643968254
2022-12-16-14-28-47_139.0,5.967313721875
2022-12-16-15-03-23_129.0,6.016325003225806
2022-12-16-18-06-35_162.0,6.9823126765625
2022-12-16-18-39-37_69.0,6.157663978125001
2022-12-16-20-00-04_104.0,5.957386021875001
2022-12-16-20-12-05_156.0,7.2902049078125
2022-12-16-21-32-35_91.0,7.100565790625
2022-12-16-22-17-48_116.0,7.063475822222223
2022-12-16-23-02-14_119.0,6.103161622222222
2022-12-17-00-44-44_128.0,7.94920875
2022-12-17-00-55-30_69.0,7.580897693650793
2022-12-17-02-15-02_161.0,6.515663731249999
2022-12-17-02-15-08_164.0,6.583957375806452
2022-12-17-08-01-33_141.0,11.277263518644068
2022-12-17-09-23-23_127.0,5.963571106349206
2022-12-17-09-34-54_72.0,7.463445162499999
2022-12-17-17-11-06_69.0,6.512770587301587
2022-12-17-17-22-36_96.0,6.939810433870969
2022-12-17-17-44-57_140.0,6.655356550000001
2022-12-17-18-44-14_73.0,6.25010971875
2022-12-17-19-07-17_87.0,10.576151841935484
2022-12-17-22-45-38_140.0,6.54511905
2022-12-18-00-02-53_139.0,6.605549804761905
2022-12-18-00-36-21_151.0,7.673091374193549
2022-12-18-01-55-15_143.0,6.499961603174603
2022-12-18-02-50-52_89.0,6.760937234920634
2022-12-18-03-02-01_139.0,6.145733717460316
2022-12-18-03-02-07_143.0,6.392618911475409
2022-12-21-20-36-03_71.0,6.277715698387096
2022-12-21-23-15-41_152.0,7.314906696825396
2022-12-22-00-21-25_79.0,5.760352998412699
2022-12-22-00-56-04_147.0,6.637129480645162
2022-12-22-02-04-41_106.0,6.2583956546875
2022-12-22-03-01-30_94.0,6.581289592187501
2022-12-22-07-29-41_99.0,6.426023103125001
2022-12-22-07-40-22_72.0,6.9955529359375
2022-12-22-09-32-13_72.0,7.627451149999998
2022-12-22-13-52-28_83.0,7.7126508000000005
2022-12-22-16-23-50_72.0,6.0793411937499995
2022-12-22-18-38-48_88.0,7.120531140322581
2022-12-22-18-50-14_142.0,6.8591763984375005
2022-12-22-19-34-20_125.0,6.5135258828125
2022-12-22-19-45-49_70.0,7.355923403278688
2022-12-22-20-10-09_71.0,5.708281476190476
2022-12-22-20-23-07_97.0,6.7632189078125
2022-12-22-20-34-43_69.0,6.174690042222223
2022-12-22-23-03-39_107.0,6.55904788064516
2022-12-22-23-03-51_84.0,7.4885280142857145
2022-12-22-23-16-03_139.0,7.128662184126983
2022-12-23-01-28-40_99.0,7.519908169354839
2022-12-23-08-24-07_96.0,6.671830584375
2022-12-23-09-21-05_113.0,6.954392015625
2022-12-23-11-02-14_117.0,11.477127296774192
2022-12-23-13-06-21_70.0,5.97853513125
2022-12-23-13-06-32_84.0,6.369429646875
2022-12-23-13-31-45_142.0,7.249164693650794
2022-12-23-14-15-43_75.0,6.944609320312501
2022-12-23-14-39-09_75.0,6.355041947540983
2022-12-23-15-15-25_150.0,6.311126484375
2022-12-23-15-15-30_69.0,6.80586369375
2022-12-23-15-15-36_76.0,6.611521534374999
2022-12-23-16-59-46_128.0,6.859286501562501
2022-12-23-19-06-37_74.0,5.979369682539684
2022-12-23-20-03-23_135.0,7.065520039682541
2022-12-23-22-29-51_102.0,6.2434335015624995
2022-12-23-23-17-22_150.0,7.3769875703125
2022-12-23-23-17-28_162.0,11.04189665
2022-12-23-23-29-14_139.0,6.703316865079365
2022-12-23-23-29-21_139.0,7.0780233451612915
2022-12-23-23-41-01_132.0,7.061217290625
2022-12-24-01-24-39_139.0,6.45529089375
2022-12-24-09-23-09_153.0,6.510319975
2022-12-24-11-16-01_77.0,6.972766948387096
2022-12-24-13-19-47_124.0,6.4033247265625
2022-12-24-13-52-23_69.0,6.776590014062499
2022-12-24-15-02-57_153.0,7.412438176190476
2022-12-24-15-15-28_136.0,6.325532513548387
2022-12-24-15-38-08_73.0,6.856787606451612
2022-12-24-16-12-05_144.0,5.872107492187499
2022-12-24-17-22-31_150.0,7.481616558730157
2022-12-24-23-01-56_111.0,7.109489780952381
2022-12-24-23-14-04_69.0,6.6406546
2022-12-24-23-14-27_86.0,5.9005542079365085
2022-12-25-02-02-21_117.0,7.445534008064517
2022-12-25-04-03-49_106.0,6.81407205483871
2022-12-25-08-53-20_94.0,6.275913784126983
2022-12-25-09-28-26_139.0,10.68911625737705
2022-12-25-09-39-57_69.0,7.083555319047617
2022-12-25-10-35-14_80.0,6.7591978390625
2022-12-25-11-20-20_143.0,6.09711778125
2022-12-25-13-00-03_139.0,6.219992776190476
2022-12-25-13-33-18_66.0,6.870914438709677
2022-12-25-13-44-50_89.0,6.672672096875
2022-12-25-14-41-09_136.0,6.3189504484375
2022-12-25-14-53-07_144.0,6.578394508064517
2022-12-25-18-30-43_164.0,6.7165610234374995
2022-12-25-20-10-56_141.0,7.6528177193548395
2022-12-25-20-33-47_72.0,8.388632571428571
2022-12-25-22-03-36_141.0,5.869326941269842
2022-12-25-22-15-55_154.0,6.860748043548387
2022-12-25-22-16-04_135.0,6.710163677777776
2022-12-26-01-15-47_172.0,7.384654453125
2022-12-26-02-22-07_166.0,6.47372599375
2022-12-26-08-42-54_89.0,7.258568088709676
2022-12-26-08-53-32_154.0,6.6345975952380964
2022-12-26-09-05-06_77.0,6.05887662063492
2022-12-26-09-28-10_106.0,6.134089435937501
2022-12-26-10-12-03_96.0,6.4870830890625
2022-12-26-10-56-35_108.0,5.950589495238094
2022-12-26-16-06-44_87.0,6.472902096875
2022-12-26-16-07-11_69.0,6.718870908196722
2022-12-26-16-51-58_112.0,6.62171503015873
2022-12-26-18-22-28_71.0,5.220004224375
2022-12-26-18-45-00_143.0,6.865788485937499
2022-12-26-19-30-31_85.0,7.078387414285714
2022-12-26-20-15-41_129.0,6.332126798412697
2022-12-26-22-33-36_148.0,5.90049093125
2022-12-27-00-15-00_80.0,7.355310431746031
2022-12-27-08-22-14_140.0,7.444655019047617
2022-12-27-09-06-17_178.0,6.9753489734375
2022-12-27-10-36-28_122.0,6.092508311111111
2022-12-27-12-17-47_141.0,6.553366496875
2022-12-27-13-36-14_135.0,7.615935496875
2022-12-27-15-51-16_140.0,5.809920703124999
2022-12-27-19-27-23_144.0,8.072648200000001
2022-12-27-22-28-44_72.0,6.661143187096775
2022-12-27-22-39-55_122.0,7.106756170175437
2022-12-27-23-04-29_93.0,6.722121521875001
2022-12-28-01-32-31_92.0,6.3680470451612905
2022-12-28-08-51-27_113.0,7.6190574015625
2022-12-28-12-34-32_70.0,6.3589828125
2022-12-28-15-36-47_89.0,8.943130522222223
2022-12-28-19-26-38_75.0,7.021234257142857
2022-12-28-20-15-48_164.0,7.367979037096775
2022-12-28-21-45-25_161.0,7.481300640624999
2022-12-28-22-07-43_114.0,7.116454815873016
2022-12-28-22-20-32_150.0,6.936605498437499
2022-12-28-23-16-43_132.0,6.276988678125001
2022-12-29-00-49-14_79.0,7.5512263703125
2022-12-29-04-03-48_104.0,6.459495706249999
2022-12-29-09-41-48_111.0,6.447848175806452
2022-12-29-09-42-00_139.0,6.8885770703124996
2022-12-29-09-53-13_140.0,7.375971585714286
2022-12-29-10-15-42_134.0,10.906808840322583
2022-12-29-12-52-25_75.0,7.3045724921875
2022-12-29-19-27-25_127.0,6.7151532734375
2022-12-29-21-10-23_119.0,5.977530915625
2022-12-29-21-35-00_78.0,7.542002009375
2022-12-29-22-30-35_154.0,7.202560928125
2022-12-29-23-04-25_132.0,6.8342106421875
2022-12-29-23-38-52_76.0,6.880004882539683
2022-12-30-00-12-37_141.0,5.8147681171875
2022-12-30-00-36-04_132.0,7.261609217741934
2022-12-30-01-21-58_83.0,6.359535066666667
2022-12-30-02-49-58_134.0,7.244607539682539
2022-12-30-03-01-26_131.0,6.421357336507937
2022-12-30-04-11-10_67.0,9.618493152380953
2022-12-30-04-11-23_137.0,5.866843652380952
2022-12-30-04-34-53_150.0,6.4604878140625
2022-12-30-05-17-42_144.0,6.785611350000001
2022-12-30-09-34-33_140.0,7.301549403174603
2022-12-30-10-07-45_75.0,6.190013137499999
2022-12-30-11-15-08_109.0,7.4039490296875
2022-12-30-11-15-15_129.0,6.1187099796875
2022-12-30-11-59-36_132.0,7.085929823809523
2022-12-30-12-34-02_154.0,12.037829187301588
2022-12-30-12-44-49_69.0,5.987303956250001
2022-12-30-13-06-06_144.0,6.875166826984126
2022-12-30-13-51-43_75.0,8.008245877777778
2022-12-30-14-02-55_142.0,6.3529568387096775
2022-12-30-14-49-02_106.0,6.597201053125
2022-12-30-15-56-49_111.0,7.001334437500001
2022-12-30-18-10-14_155.0,6.6741267609375
2022-12-30-19-06-49_72.0,8.438335925806452
2022-12-30-19-39-24_152.0,7.05880554032258
2022-12-30-19-51-06_71.0,6.2789766453125
2022-12-30-20-02-47_99.0,6.350729335937499
2022-12-30-20-02-52_172.0,7.053917041935485
2022-12-30-20-03-20_104.0,6.1661784484375
2022-12-30-21-37-16_155.0,5.9237448765625
2022-12-30-22-09-44_74.0,6.68596920793651
2022-12-30-22-09-50_133.0,6.343047795238095
2022-12-30-22-21-29_153.0,6.2380805875
2022-12-30-22-34-07_80.0,6.780498007812501
2022-12-30-23-08-05_150.0,6.707204982258063
2022-12-31-00-39-55_153.0,7.463473322222224
2022-12-31-00-40-11_71.0,6.637247945161288
2022-12-31-01-36-41_162.0,6.4795860435483865
2022-12-31-08-06-21_87.0,6.221156465625
2022-12-31-08-31-06_71.0,6.878906919047618
2022-12-31-10-10-09_86.0,6.937114579687499
2022-12-31-11-06-38_96.0,7.416376171875
2022-12-31-17-56-54_72.0,6.905778155555555
2023-01-01-00-02-10_150.0,6.6547615718749995
2023-01-01-00-36-42_84.0,7.0945714828125
2023-01-01-02-38-58_79.0,7.119146199999999
2023-01-01-04-17-05_100.0,7.1111192064516136
2023-01-01-06-51-41_84.0,6.491858639682541
2023-01-01-07-36-40_140.0,6.3487491142622945
2023-01-01-08-09-25_74.0,6.726379773015872
2023-01-01-08-21-23_133.0,6.4950205078125
2023-01-01-11-06-37_129.0,6.729191857377048
2023-01-01-17-51-24_69.0,6.647728179365077
2023-01-01-18-02-44_81.0,6.0233604078125005
2023-01-01-19-01-08_129.0,7.505951279687499
2023-01-01-19-12-38_76.0,6.429826815625
2023-01-01-20-20-38_83.0,7.241881403225807
2023-01-02-09-01-37_89.0,6.375985634920635
2023-01-02-09-13-24_69.0,6.799554684375001
2023-01-02-10-20-22_150.0,6.6576899578125
2023-01-02-11-05-07_163.0,6.969746403125
2023-01-02-12-34-17_101.0,6.2467540828125
2023-01-02-14-03-16_136.0,6.637130319047617
2023-01-02-15-10-40_139.0,7.018802257142858
2023-01-02-16-18-11_71.0,7.328845565079363
2023-01-02-18-23-53_83.0,6.31537576625
2023-01-02-19-32-16_71.0,7.143301471428571
2023-01-02-21-02-09_112.0,6.875986717187501
2023-01-02-21-14-33_115.0,6.7193712619047625
2023-01-02-23-04-21_150.0,6.604718938095239
2023-01-02-23-40-29_69.0,6.016823862500001
2023-01-03-00-25-09_143.0,6.766284974603175
2023-01-03-01-54-09_136.0,6.2664137609375
2023-01-03-02-17-03_139.0,6.635316590625001
2023-01-03-02-17-10_113.0,6.7039807096774195
2023-01-03-08-02-53_71.0,6.836593453968255
2023-01-03-08-27-11_102.0,6.25730829047619
2023-01-03-11-02-18_136.0,6.788513885714285
2023-01-03-11-02-46_140.0,7.275693255555557
2023-01-03-11-49-09_134.0,7.3662016484374995
2023-01-03-11-49-15_79.0,6.921614229687499
2023-01-03-12-22-02_70.0,6.3000938765625
2023-01-03-15-10-52_150.0,7.06283196875
2023-01-03-15-32-46_103.0,6.67504263125
2023-01-03-16-18-23_78.0,7.9038730062499996
2023-01-03-20-51-39_70.0,7.661176075
2023-01-03-22-11-10_144.0,6.5549383296875
2023-01-03-23-53-33_161.0,11.291508758730158
2023-01-04-00-04-40_139.0,6.9031310203125
2023-01-04-01-45-05_161.0,7.112418311111112
2023-01-04-18-32-35_164.0,6.586254003174602
2023-01-04-18-44-06_69.0,6.733149359375
2023-01-04-19-07-35_70.0,7.0783320859375
2023-01-04-20-05-33_143.0,7.263273726984128
2023-01-04-21-25-46_125.0,6.816416725806451
2023-01-04-22-34-49_80.0,6.710776461904762
2023-01-05-00-14-05_111.0,7.166711270967742
2023-01-05-00-59-47_150.0,5.941762914062501
2023-01-05-01-33-55_129.0,7.544546340625
2023-01-05-01-56-51_146.0,6.440354428571427
2023-01-05-02-19-08_112.0,6.590085106451613
2023-01-05-04-32-35_129.0,6.555013996875
2023-01-05-08-01-49_98.0,7.078311451612904
2023-01-05-08-13-22_143.0,6.27785846984127
2023-01-05-16-40-00_86.0,6.5438758327868864
2023-01-05-17-38-11_161.0,6.7404034047619055
2023-01-05-19-53-38_135.0,6.311679025
2023-01-05-22-07-03_70.0,7.0880856125000005
2023-01-05-22-29-56_120.0,7.007127378125
2023-01-05-23-04-09_138.0,6.458009743750001
2023-01-05-23-17-04_164.0,6.383785569841271
2023-01-05-23-28-10_107.0,6.493311238095237
2023-01-06-02-02-25_72.0,6.456863969354838
2023-01-06-02-13-40_80.0,6.352350578125
2023-01-06-02-25-19_95.0,6.825800733333334
2023-01-06-14-39-10_150.0,15.191622480327869
2023-01-06-14-52-59_85.0,7.349545491935483
2023-01-06-15-49-24_144.0,6.4869643080645165
2023-01-06-16-35-52_91.0,8.1874056671875
2023-01-06-18-04-53_70.0,6.470298026562499
2023-01-06-18-05-17_111.0,7.126440601612903
2023-01-06-18-51-59_146.0,6.34650391111111
2023-01-06-19-03-12_72.0,6.551363792063492
2023-01-06-20-11-22_86.0,7.24375787377049
2023-01-06-21-08-34_71.0,6.7904050859375
2023-01-06-21-21-21_90.0,7.33103366984127
2023-01-06-23-13-55_131.0,6.606508447619047
2023-01-07-00-22-37_106.0,5.3330321890625
2023-01-07-01-18-25_89.0,7.2854487671875
2023-01-07-03-12-59_70.0,7.767668053968253
2023-01-07-04-51-55_152.0,7.639145804761904
2023-01-07-05-37-41_116.0,6.774697482258066
2023-01-07-08-10-35_99.0,6.826678345161291
2023-01-07-09-09-00_139.0,5.826111603125001
2023-01-07-11-31-49_99.0,6.591488698412699
2023-01-07-13-10-25_139.0,5.9536318328124995
2023-01-07-13-10-45_116.0,11.4126775890625
2023-01-07-13-44-27_131.0,6.862137103125
2023-01-07-14-31-31_139.0,7.066132834374999
2023-01-07-16-15-50_161.0,6.8755136078125005
2023-01-07-20-00-47_161.0,6.679235184375
2023-01-07-20-00-57_151.0,6.98499778548387
2023-01-07-20-13-19_136.0,6.345846803174601
2023-01-07-20-36-02_104.0,7.071694382539682
2023-01-07-21-09-36_122.0,7.430450398360656
2023-01-07-21-22-07_100.0,7.848898724193547
2023-01-07-22-06-34_80.0,6.862412358730159
2023-01-07-22-53-42_139.0,6.004508587301586
2023-01-08-00-13-20_144.0,6.2583579234375
2023-01-08-01-32-05_164.0,7.0144960953124995
2023-01-08-01-55-25_140.0,6.7352504890625
2023-01-08-02-18-33_70.0,6.451482014285713
2023-01-08-03-03-01_74.0,7.0472859492063495
2023-01-08-03-03-08_70.0,6.08494209047619
2023-01-08-03-58-05_156.0,7.506773004761905
2023-01-08-03-58-15_148.0,6.77089161875
2023-01-08-08-07-32_138.0,6.5029761203125
2023-01-08-09-26-39_135.0,7.228004122222222
2023-01-08-23-25-17_71.0,6.737090607936509
2023-01-08-23-25-30_136.0,6.484643304761905
2023-01-09-02-14-44_130.0,7.0322060734375
2023-01-09-03-32-42_72.0,6.365309260317459
2023-01-09-04-59-56_118.0,6.358180009374999
2023-01-09-06-05-55_129.0,6.9872402015625
2023-01-09-07-02-58_139.0,6.566432256666667
2023-01-09-07-25-41_105.0,6.600904495238095
2023-01-09-09-49-40_140.0,7.0741431828125
2023-01-09-10-22-13_150.0,6.487655169841271
2023-01-09-11-06-16_161.0,6.465675755555556
2023-01-09-11-29-16_118.0,6.760015964516128
2023-01-09-11-29-29_93.0,6.8992134301587305
2023-01-09-15-08-50_162.0,6.3582969984375
2023-01-09-18-23-32_70.0,12.113448782258065
2023-01-09-18-34-59_71.0,9.954273598387097
2023-01-09-19-22-01_112.0,4.9558869953125
2023-01-09-20-18-16_129.0,5.991489869841269
2023-01-09-21-04-21_91.0,6.8150843078125
2023-01-09-22-26-34_71.0,6.805156276190476
2023-01-09-23-22-17_129.0,6.426465525396827
2023-01-10-00-18-35_114.0,6.375787050793651
2023-01-10-00-53-10_148.0,9.140532593548388
2023-01-10-02-08-31_96.0,6.992937850000001
2023-01-10-04-03-55_84.0,7.010145444262295
2023-01-10-08-07-58_82.0,6.4470738921875
2023-01-10-09-17-30_131.0,7.455514033870968
2023-01-10-15-16-28_103.0,6.9840711790322585
2023-01-10-15-17-02_72.0,7.057739941269842
2023-01-10-16-04-03_140.0,6.1386719303124995
2023-01-10-16-50-47_99.0,6.784087124193548
2023-01-10-19-06-37_155.0,6.931870308064516
2023-01-10-19-18-58_154.0,10.764245169841272
2023-01-10-19-29-46_109.0,6.908095275
2023-01-10-19-40-54_73.0,6.981952771428571
2023-01-10-19-52-05_73.0,6.85278441904762
2023-01-10-21-24-12_129.0,6.2113657984375
2023-01-10-22-44-51_150.0,7.3731003546875
2023-01-11-00-02-17_125.0,7.237070756451613
2023-01-11-03-32-59_89.0,7.342772690625
2023-01-11-03-33-03_140.0,6.8019848609375
2023-01-11-03-33-16_139.0,6.71599823015873
2023-01-11-03-56-45_144.0,7.64233854375
2023-01-11-05-14-24_88.0,7.091050584375
2023-01-11-07-39-43_146.0,16.1079219984375
2023-01-11-10-03-45_150.0,7.60386636031746
2023-01-11-10-38-19_70.0,6.133389706451613
2023-01-11-12-51-28_128.0,6.916603493749999
2023-01-11-16-51-47_139.0,6.898800191935483
2023-01-11-17-16-28_67.0,6.669587587096776
2023-01-11-18-02-32_147.0,6.8067505484375
2023-01-11-21-02-21_97.0,7.038301951612902
2023-01-11-21-02-37_98.0,9.82528363125
2023-01-12-00-47-39_70.0,7.101448578125
2023-01-12-01-09-47_108.0,6.7033530484375
2023-01-12-02-49-35_150.0,6.808014046875
2023-01-12-03-01-42_123.0,6.5466582904761905
2023-01-12-03-24-58_92.0,7.060817190625
2023-01-12-03-47-27_91.0,6.179130644444445
2023-01-12-08-10-24_71.0,6.917642367213115
2023-01-12-08-10-33_95.0,6.5323572187500005
2023-01-12-09-51-58_142.0,6.937026830645162
2023-01-12-11-42-40_129.0,7.1416973580645156
2023-01-12-16-05-00_72.0,6.3448364546875
2023-01-12-18-10-17_111.0,6.909954289062499
2023-01-12-19-06-04_87.0,7.1628162656250005
2023-01-12-19-39-58_89.0,5.65817728546875
2023-01-12-22-06-12_79.0,7.530774790625
2023-01-12-23-49-11_155.0,6.226724328125
2023-01-13-00-21-57_140.0,6.5269754875
2023-01-13-00-44-59_85.0,7.078129711111111
2023-01-13-02-03-55_125.0,6.013784646875
2023-01-13-02-15-25_164.0,6.1260140234375005
2023-01-13-06-31-52_85.0,6.3450599265625005
2023-01-13-06-42-36_133.0,6.801591325806451
2023-01-13-08-18-33_80.0,5.54817885
2023-01-13-09-15-13_140.0,6.6908561640625
2023-01-13-12-01-08_114.0,6.9100402546875
2023-01-13-12-25-51_80.0,6.81742523968254
2023-01-13-12-49-20_90.0,7.059502524999999
2023-01-13-20-34-27_74.0,6.613946387301588
2023-01-14-01-40-33_139.0,6.995106307936508
2023-01-14-05-03-09_139.0,7.154812023809523
2023-01-14-05-15-18_84.0,6.458052321875001
2023-01-14-06-54-31_156.0,6.9815443359375005
2023-01-14-08-00-59_139.0,6.723678011111111
2023-01-14-08-23-14_109.0,7.532828758064516
2023-01-14-08-34-39_150.0,7.381691712903226
2023-01-14-08-57-06_80.0,6.590201091935483
2023-01-14-10-15-28_129.0,7.3408897359375
2023-01-14-13-35-54_79.0,6.433911725000001
2023-01-14-15-07-59_74.0,6.738036478125
2023-01-14-15-08-01_139.0,7.599043340322582
2023-01-14-17-11-04_109.0,6.928907391935484
2023-01-14-20-14-39_122.0,6.484368965079364
2023-01-14-21-00-36_95.0,5.838651436507939
2023-01-14-21-59-09_125.0,6.8467632578125
2023-01-14-23-16-58_122.0,6.364810885245902
2023-01-14-23-29-05_119.0,6.29917846875
2023-01-14-23-40-40_84.0,6.4830862629032255
2023-01-15-00-03-32_80.0,7.746179990476191
2023-01-15-01-00-15_139.0,7.211015146031746
2023-01-15-01-32-47_148.0,6.513308323437499
2023-01-15-08-28-35_151.0,5.355882522857144
2023-01-15-09-46-29_74.0,6.423928788064517
2023-01-15-10-09-42_75.0,6.65941301875
2023-01-15-10-20-54_71.0,6.678265431250001
2023-01-15-13-41-04_161.0,6.080045453125
2023-01-15-14-26-08_125.0,7.5155241890625
2023-01-15-15-35-14_69.0,6.619152910937499
2023-01-15-15-35-21_90.0,6.807979241935483
2023-01-15-15-58-48_117.0,10.37008533114754
2023-01-15-17-19-27_70.0,6.072529182539681
2023-01-15-17-30-32_106.0,6.90263850625
2023-01-15-18-17-18_89.0,7.385757854687499
2023-01-15-18-38-48_69.0,6.525203744444445
2023-01-15-19-02-47_72.0,6.62088058888889
2023-01-15-19-58-07_144.0,6.38803094375
2023-01-15-20-09-41_150.0,7.432469577049181
2023-01-15-22-37-38_137.0,5.9137038171875
2023-01-15-22-48-30_103.0,9.154538666666667
2023-01-15-23-10-30_152.0,5.856548303125001
2023-01-16-08-19-31_92.0,7.11994361111111
2023-01-16-08-41-51_150.0,7.398590327419355
2023-01-16-10-31-21_112.0,7.1015626920634904
2023-01-16-12-11-31_172.0,10.119097600000003
2023-01-16-12-46-09_89.0,6.753751526229508
2023-01-16-14-15-07_85.0,7.666750512903228
2023-01-16-15-10-19_140.0,6.845365318032787
2023-01-16-15-56-00_166.0,6.841633566666665
2023-01-16-17-02-59_87.0,7.052312908333334
2023-01-16-18-56-34_70.0,7.216774045161292
2023-01-16-19-32-12_70.0,7.2597563078125
2023-01-16-21-38-44_106.0,7.005143660317459
2023-01-16-22-01-52_71.0,10.893483024999998
2023-01-16-22-14-48_106.0,6.00541166984127
2023-01-16-22-36-29_99.0,5.825620622222223
2023-01-16-22-47-23_88.0,6.2028131953125
2023-01-16-22-57-58_136.0,6.15763032063492
2023-01-17-01-57-24_117.0,7.141152712903226
2023-01-17-08-30-18_77.0,6.451580778125
2023-01-17-10-11-48_144.0,6.32766402063492
2023-01-17-12-48-28_72.0,6.57398482063492
2023-01-17-14-32-54_137.0,6.325967271875
2023-01-17-16-02-01_73.0,7.1911753359374995
2023-01-17-17-01-58_139.0,6.598026573015874
2023-01-17-18-08-57_71.0,6.793775195238094
2023-01-17-18-09-02_71.0,6.250002190625
2023-01-17-18-21-56_164.0,7.05968664032258
2023-01-17-19-06-19_103.0,6.768806859374999
2023-01-17-20-19-34_101.0,6.414501346774193
2023-01-17-20-19-41_67.0,7.005388774603174
2023-01-17-22-35-46_87.0,7.2005802578125
2023-01-17-23-54-54_85.0,6.4038587859375005
2023-01-18-00-06-04_73.0,6.332849570312499
2023-01-18-00-50-16_103.0,6.129560978125
2023-01-18-01-01-09_120.0,5.886324655555555
2023-01-18-01-12-31_95.0,6.901793224193546
2023-01-18-08-41-27_79.0,6.392888130158729
2023-01-18-09-48-44_120.0,5.5485729500000005
2023-01-18-10-00-08_94.0,6.7183775047619045
2023-01-18-11-16-48_89.0,6.7613734375
2023-01-18-12-14-21_122.0,5.794913466129032
2023-01-18-13-33-57_140.0,6.5602783203125
2023-01-18-14-39-21_70.0,6.112653896875
2023-01-18-14-50-41_88.0,6.7602013171875
2023-01-18-15-36-42_89.0,6.07267211875
2023-01-18-16-33-57_71.0,6.216588932812499
2023-01-18-18-17-27_97.0,7.0276036125
2023-01-18-20-55-20_138.0,7.0448748573770485
2023-01-18-21-19-55_128.0,6.738727585714286
2023-01-18-22-15-08_72.0,7.108695252380953
2023-01-18-23-11-50_163.0,6.857984754838712
2023-01-18-23-36-43_139.0,6.968124861904762
2023-01-19-00-56-10_78.0,6.9864565147540985
2023-01-19-02-02-26_99.0,6.1615014703124995
2023-01-19-08-09-57_161.0,6.0489330671875
2023-01-19-11-10-18_77.0,7.792027537704917
2023-01-19-11-54-24_87.0,6.51743483125
2023-01-19-13-34-47_149.0,7.563430231746032
2023-01-19-16-00-30_142.0,6.790769643548386
2023-01-19-18-04-11_135.0,7.173966046031746
2023-01-19-18-50-40_93.0,7.2690568765625
2023-01-19-19-13-53_94.0,6.836256659375
2023-01-19-19-35-57_163.0,6.683224696825395
2023-01-19-21-05-57_116.0,6.533413331249999
2023-01-19-21-50-50_99.0,6.935923491935483
2023-01-19-22-03-09_139.0,11.122113512903226
2023-01-19-22-38-43_73.0,6.716533946875
2023-01-20-00-09-54_129.0,6.4715173718750005
2023-01-20-00-10-05_106.0,6.486508859375
2023-01-20-01-39-48_101.0,7.489206353968253
2023-01-20-08-22-46_96.0,6.8529638421875
2023-01-20-09-05-43_92.0,7.094944485714286
2023-01-20-09-17-12_84.0,11.43995380625
2023-01-20-12-14-31_161.0,6.8803444874999995
2023-01-20-13-42-39_106.0,7.012014850793652
2023-01-20-14-05-57_139.0,7.244746442857142
2023-01-20-14-27-37_89.0,6.9009301349206345
2023-01-20-15-02-43_118.0,6.63872000625
2023-01-20-15-02-50_70.0,6.305097520312501
2023-01-20-15-39-06_72.0,7.357328931746033
2023-01-20-16-12-30_71.0,6.4481009796875
2023-01-20-16-24-36_88.0,6.664286929032257
2023-01-20-17-44-26_69.0,6.0113910875
2023-01-20-20-09-53_89.0,6.2487778140625
2023-01-20-20-21-04_162.0,6.2781971671875
2023-01-20-21-07-03_72.0,7.305791446875
2023-01-21-00-51-37_138.0,7.645972915624999
2023-01-21-02-32-36_136.0,6.4463448484375
2023-01-21-09-58-59_139.0,6.276228631746031
2023-01-21-10-09-49_91.0,7.146366790322581
2023-01-21-10-31-43_144.0,6.537760796721312
2023-01-21-12-34-04_142.0,6.5929928609375
2023-01-21-13-07-40_156.0,6.700666168253968
2023-01-21-14-02-04_96.0,7.2226123158730156
2023-01-21-14-15-43_73.0,6.273167640983608
2023-01-21-15-11-57_82.0,6.413369747619049
2023-01-21-15-12-15_72.0,11.089846427868853
2023-01-21-15-56-32_119.0,6.438929696875
2023-01-21-16-07-40_150.0,6.21172305390625
2023-01-21-19-25-34_86.0,6.638603796825397
2023-01-21-20-10-30_90.0,5.799829659677419
2023-01-21-21-53-00_147.0,6.7002639328125
2023-01-22-01-31-44_74.0,7.463095079365079
2023-01-22-01-31-50_129.0,5.684046633333331
2023-01-22-08-58-33_135.0,6.721586446031746
2023-01-22-09-54-40_149.0,6.297723123809522
2023-01-22-13-05-15_150.0,6.435469593650795
2023-01-22-13-05-27_129.0,6.305369427419356
2023-01-22-13-17-21_94.0,7.6524353163934435
2023-01-22-13-50-00_119.0,6.7101089796875
2023-01-22-14-45-31_126.0,6.3773339875
2023-01-22-14-56-46_94.0,7.329083962903225
2023-01-22-16-04-35_70.0,6.9380000328125
2023-01-22-16-17-33_140.0,6.4442435765625
2023-01-22-16-17-40_148.0,6.9692995046875
2023-01-22-17-03-05_72.0,6.15056243125
2023-01-22-17-03-15_143.0,7.480715768253967
2023-01-22-18-09-11_141.0,7.241736467741936
2023-01-22-19-08-55_69.0,5.75415145
2023-01-22-20-49-36_125.0,5.93603610625
2023-01-22-21-01-45_139.0,6.8043006515624995
2023-01-22-22-41-50_120.0,6.1812297640625005
2023-01-26-19-24-19_93.0,7.572419046774193
2023-01-26-19-24-26_97.0,7.3455550390625
2023-01-26-22-46-38_82.0,6.53898211111111
2023-01-27-00-18-35_166.0,7.3488714578125
2023-01-27-08-07-17_90.0,6.6374206890625
2023-01-27-09-03-04_150.0,7.095432421311477
2023-01-27-12-12-56_70.0,6.6267283453125
2023-01-27-13-19-51_71.0,6.8557863873015865
2023-01-27-15-23-24_161.0,5.977890734920634
2023-01-27-16-08-23_76.0,7.364764715624999
2023-01-27-16-21-00_140.0,6.8366513125
2023-01-27-17-04-51_87.0,6.71171636031746
2023-01-27-18-38-45_146.0,6.8593433725806445
2023-01-27-22-15-47_71.0,6.956229255555556
2023-01-28-00-06-37_137.0,6.200043126984128
2023-01-28-00-29-36_69.0,6.765002959375
2023-01-28-00-42-12_149.0,6.5740217515624995
2023-01-28-08-07-43_103.0,7.464529059016392
2023-01-28-09-05-23_80.0,6.529463128125
2023-01-28-17-38-48_69.0,7.982154646874999
2023-01-28-18-36-07_128.0,6.6200920703125
2023-01-28-19-32-45_156.0,6.604116137096774
2023-01-28-19-56-51_71.0,6.9313801328124995
2023-01-28-20-08-28_86.0,7.0210232984375
2023-01-28-20-30-39_70.0,6.468071943749999
2023-01-28-20-52-18_71.0,7.08782451875
2023-01-28-21-04-26_153.0,6.888234551562499
2023-01-28-21-04-30_139.0,7.0020658078125
2023-01-29-00-36-45_116.0,6.913067726562501
2023-01-29-01-09-48_99.0,6.3617778484375
2023-01-29-01-44-47_126.0,7.267334755555557
2023-01-29-03-58-12_143.0,6.3507110796875
2023-01-29-04-21-36_100.0,6.465619088888889
2023-01-29-07-19-57_138.0,5.888054903125
2023-01-29-08-03-51_71.0,6.45899523125
2023-01-29-09-42-22_122.0,6.4748697419354855
2023-01-29-10-49-51_70.0,6.4004965
2023-01-29-11-00-59_112.0,6.2189483640625
2023-01-29-12-32-46_73.0,6.57407695625
2023-01-29-13-28-01_144.0,6.369237441269841
2023-01-29-13-28-09_98.0,7.911886053125
2023-01-29-14-36-24_71.0,6.6410467328125
2023-01-29-15-10-01_141.0,5.954597234374999
2023-01-29-15-32-24_70.0,6.5311312078125
2023-01-29-15-43-36_111.0,7.580399249206349
2023-01-29-15-54-47_109.0,7.341392615625
2023-01-29-16-28-58_91.0,6.488571784126984
2023-01-29-17-02-28_164.0,6.2270905476190475
2023-01-29-21-26-30_75.0,6.04965386031746
2023-01-30-00-04-48_89.0,5.7841691703125
2023-01-30-00-39-35_161.0,7.99150140483871
2023-01-30-02-40-44_131.0,6.7442608349206346
2023-01-30-08-04-14_119.0,6.711156035937501
2023-01-30-08-04-22_142.0,7.182202188888889
2023-01-30-09-31-55_154.0,6.46929739047619
2023-01-30-14-17-09_73.0,6.7196917109375
2023-01-30-14-29-21_70.0,6.869747909523809
2023-01-30-16-11-00_86.0,6.26841648125
2023-01-30-16-23-51_90.0,6.1018307524590165
2023-01-30-17-32-43_96.0,6.395367172580644
2023-01-30-18-06-25_129.0,5.9579216125
2023-01-30-18-41-04_154.0,6.4362582921875005
2023-01-30-20-11-55_73.0,5.7818559015624995
2023-01-30-23-38-03_107.0,7.001657942187499
2023-01-31-00-10-07_139.0,6.7804724421875004
2023-01-31-00-10-23_83.0,10.121604080952382
2023-01-31-00-44-40_163.0,6.2601605539682526
2023-01-31-04-51-50_151.0,6.831114153125
2023-01-31-09-17-27_136.0,14.804016149999999
2023-01-31-12-07-38_86.0,6.904554506451612
2023-01-31-14-09-07_148.0,6.8400088265625
2023-01-31-15-06-22_83.0,7.858374777777777
2023-01-31-17-10-22_139.0,6.883295234920635
2023-01-31-20-14-39_71.0,5.7409499171875
2023-01-31-20-26-48_156.0,6.845739350819672
2023-01-31-20-48-51_139.0,6.593892270967741
2023-02-01-02-48-46_93.0,7.2369608
2023-02-01-08-01-21_70.0,6.5749197703124995
2023-02-01-08-26-37_79.0,7.473471458730159
2023-02-01-08-26-43_80.0,6.125648247619048
2023-02-01-11-31-56_130.0,10.87223290333333
2023-02-01-12-28-34_71.0,11.402175133333333
2023-02-01-13-22-45_139.0,7.219126740625001
2023-02-01-14-32-48_139.0,6.2509602625
2023-02-01-15-08-09_80.0,6.430275034375
2023-02-01-16-17-06_140.0,7.182399633333334
2023-02-01-17-01-32_79.0,6.280606326984127
2023-02-01-17-01-44_75.0,6.9847642233333325
2023-02-01-17-26-16_69.0,7.517840999999999
2023-02-01-18-10-05_98.0,7.127532490163936
2023-02-01-18-10-11_133.0,6.583080541269841
2023-02-01-19-07-55_72.0,11.542317284374999
2023-02-01-19-08-08_150.0,6.818878632812501
2023-02-01-19-55-24_87.0,7.185734285714286
2023-02-01-20-06-52_106.0,6.218025996875
2023-02-01-22-21-53_106.0,6.621636371875001
2023-02-02-00-02-05_99.0,6.469428073015871
2023-02-02-00-02-11_139.0,5.8400801171875
2023-02-02-00-58-52_150.0,6.9637297953125
2023-02-02-03-16-09_145.0,9.5450858671875
2023-02-02-08-02-10_117.0,7.053432513114754
2023-02-02-10-30-21_144.0,6.401227214285714
2023-02-02-12-10-49_136.0,6.8417642460317465
2023-02-02-13-41-08_90.0,6.900136173437499
2023-02-02-16-23-25_137.0,6.274343559375
2023-02-02-17-20-46_71.0,6.848144260317461
2023-02-03-01-03-49_129.0,7.130929114285714
2023-02-03-01-37-17_143.0,6.841530320967743
2023-02-03-01-49-05_137.0,5.940844917460318
2023-02-03-02-11-20_121.0,6.6940389203125
2023-02-03-02-54-54_71.0,10.7773080796875
2023-02-03-08-08-12_139.0,6.47191645625
2023-02-03-08-43-09_98.0,6.856251307812499
2023-02-03-10-55-02_151.0,7.058614468253967
2023-02-03-11-06-32_73.0,10.008372793333333
2023-02-03-12-02-48_87.0,5.8865919375
2023-02-03-15-02-27_92.0,7.943241653225807
2023-02-03-16-21-24_156.0,6.237077271875
2023-02-03-16-43-45_120.0,6.9297793428571435
2023-02-03-17-06-15_82.0,7.89157992063492
2023-02-03-17-28-34_78.0,7.079655323809524
2023-02-03-17-39-51_83.0,6.920505932258065
2023-02-03-18-57-18_128.0,5.933896615625
2023-02-03-19-08-23_97.0,6.833560040625
2023-02-03-19-21-11_80.0,6.213641896875
2023-02-03-21-03-18_106.0,6.4223060015625
2023-02-03-22-36-02_132.0,6.456429203174603
2023-02-04-00-06-20_82.0,7.1333355421875
2023-02-04-02-10-18_154.0,6.936841663492065
2023-02-04-09-07-00_154.0,6.4767252421874995
2023-02-04-10-36-26_70.0,6.364142653968254
2023-02-04-12-06-37_98.0,6.870163487301587
2023-02-04-13-02-46_172.0,9.763972140625
2023-02-04-14-19-12_89.0,6.3802884915625
2023-02-04-17-07-31_70.0,6.27033350967742
2023-02-04-18-59-23_161.0,6.6299617899999985
2023-02-05-00-05-05_75.0,6.743287719354839
2023-02-05-02-11-06_71.0,6.9797393328125
2023-02-05-02-11-22_129.0,5.612056377777777
2023-02-05-02-23-38_99.0,6.5878455078125
2023-02-05-08-08-45_98.0,6.760792003225807
2023-02-05-12-00-49_144.0,6.711696299999999
2023-02-05-12-25-09_135.0,6.21576009375
2023-02-05-14-06-15_97.0,6.2575157640625
2023-02-05-14-06-21_107.0,7.368982270967742
2023-02-05-14-19-00_132.0,6.613300746774193
2023-02-05-16-13-11_143.0,6.646858887096774
2023-02-05-16-46-58_142.0,6.0054118125
2023-02-05-17-09-21_71.0,7.031841592187501
2023-02-05-17-34-01_138.0,5.91985413125
2023-02-05-19-17-27_113.0,8.183266890322578
2023-02-05-20-28-22_122.0,6.0724429203125005
2023-02-05-20-28-31_94.0,6.3528473539682535
2023-02-05-23-41-25_72.0,7.091202546875
2023-02-06-00-36-09_153.0,5.611903870312499
2023-02-06-00-36-25_120.0,6.49506925625
2023-02-06-01-32-14_73.0,5.640003540625
2023-02-06-08-40-30_162.0,6.886259498387096
2023-02-06-09-15-52_143.0,7.1258548968253965
2023-02-06-09-26-31_73.0,6.802213758730159
2023-02-06-09-26-43_69.0,6.1355341249999995
2023-02-06-10-09-40_150.0,6.542825487301586
2023-02-06-10-20-43_127.0,6.3906792095238085
2023-02-06-12-11-13_114.0,7.454777695312499
2023-02-06-12-23-27_161.0,6.942652369841269
2023-02-06-15-01-07_166.0,6.9067402859375004
2023-02-06-15-01-12_77.0,11.403891490625
2023-02-06-15-01-41_124.0,6.93097705873016
2023-02-06-15-01-55_85.0,6.31963721875
2023-02-06-15-15-17_162.0,6.2453376774193545
2023-02-06-16-11-39_77.0,5.467546257142856
2023-02-06-16-59-27_154.0,6.296817115625
2023-02-06-17-10-11_107.0,6.96210424375
2023-02-06-19-05-05_70.0,6.5216044953125
2023-02-06-21-10-10_161.0,7.352924204761904
2023-02-06-22-28-38_83.0,7.359516495161289
2023-02-07-00-56-42_104.0,8.06818526984127
2023-02-07-08-12-58_86.0,6.494525514285715
2023-02-07-09-30-37_141.0,7.318642806349207
2023-02-07-12-05-47_70.0,6.569787157812501
2023-02-07-13-00-42_92.0,6.0888243296875
2023-02-07-15-30-40_106.0,6.48342213015873
2023-02-07-16-04-52_146.0,7.5932776671874995
2023-02-07-16-29-25_99.0,6.8665283140625
2023-02-07-17-13-40_69.0,6.3442533
2023-02-07-18-34-25_71.0,7.0802679112903215
2023-02-07-20-05-52_140.0,6.4189559
2023-02-07-21-13-58_106.0,6.9233786904761905
2023-02-07-21-25-19_130.0,6.9992748015625
2023-02-07-22-31-50_166.0,7.2469815234375
2023-02-07-23-41-56_88.0,7.16012649375
2023-02-08-02-52-48_129.0,6.8961526328125
2023-02-08-09-03-22_139.0,6.0250186171875
2023-02-08-12-03-02_132.0,6.70829789375
2023-02-08-12-38-10_144.0,6.6750900190476194
2023-02-08-13-55-28_72.0,7.273903946031746
2023-02-08-14-41-18_105.0,7.003720115873016
2023-02-08-18-28-41_77.0,6.813978987096773
2023-02-08-19-01-59_96.0,5.964942709375
2023-02-08-19-02-10_141.0,6.472550712698412
2023-02-08-20-09-51_119.0,6.525700393548387
2023-02-08-20-10-07_90.0,5.787291196875
2023-02-08-20-22-40_154.0,7.186067771428571
2023-02-08-21-08-30_95.0,6.4126314171875
2023-02-08-23-00-58_69.0,7.197844874603176
2023-02-09-00-09-05_103.0,6.5521878214285705
2023-02-09-00-44-09_134.0,6.970453987096774
2023-02-09-01-39-07_97.0,6.61566121111111
2023-02-09-08-22-46_131.0,6.789177782258065
2023-02-09-08-34-31_139.0,7.93635853015873
2023-02-09-10-28-12_125.0,6.671957687096774
2023-02-10-02-24-36_71.0,6.571992000000001
2023-02-10-03-08-47_71.0,6.627922344444444
2023-02-10-03-52-31_127.0,6.991993766666666
2023-02-10-04-03-53_166.0,6.6015514515625
2023-02-10-04-58-52_139.0,6.501683158064516
2023-02-10-05-54-29_106.0,6.2610150796875
2023-02-10-08-28-52_83.0,6.4575657984375
2023-02-10-09-12-42_129.0,6.2442485265079375
2023-02-10-09-46-03_85.0,6.196063646875
2023-02-10-16-05-47_69.0,6.109341255555555
2023-02-10-16-06-03_87.0,6.842143040322581
2023-02-10-16-51-55_140.0,6.483674236507938
2023-02-10-18-44-38_150.0,6.58687736984127
2023-02-10-19-19-45_69.0,7.301611721875
2023-02-10-21-23-24_71.0,7.5947818765625
2023-02-10-23-03-46_120.0,6.381052582812499
2023-02-10-23-49-04_161.0,6.18238198095238
2023-02-11-00-22-35_142.0,7.302844312903227
2023-02-11-03-45-17_93.0,10.895302998387097
2023-02-11-04-41-42_79.0,6.3379140000000005
2023-02-11-05-37-22_92.0,6.3795550500000004
2023-02-11-05-37-29_135.0,6.284179712698413
2023-02-11-05-37-33_149.0,6.088058477777779
2023-02-11-14-11-10_119.0,6.194919865625
2023-02-11-14-23-08_129.0,10.278390009523811
2023-02-11-14-46-39_153.0,6.3902228015624996
2023-02-11-14-59-32_141.0,7.686814134920634
2023-02-11-17-05-35_136.0,6.9247984124999995
2023-02-11-17-30-29_72.0,7.729146359375
2023-02-11-18-39-44_146.0,6.1156355781250005
2023-02-11-19-15-11_150.0,7.6730781984375
2023-02-11-19-59-46_117.0,6.674143385714286
2023-02-11-20-12-52_142.0,6.608447990625001
2023-02-11-20-25-47_143.0,7.072217614062501
2023-02-11-20-37-30_77.0,13.546601015625
2023-02-11-21-34-19_86.0,6.5773695312500005
2023-02-11-22-33-44_109.0,6.313555275000001
2023-02-12-00-31-46_132.0,6.737622279062499
2023-02-12-01-04-14_73.0,6.226593903174601
2023-02-12-02-54-42_119.0,6.277215328571429
2023-02-12-03-05-51_84.0,6.290049325806453
2023-02-12-05-08-38_145.0,7.629827160655737
2023-02-12-16-26-59_144.0,6.792256682258064
2023-02-12-16-38-12_85.0,6.287308121875
2023-02-12-17-34-54_71.0,7.485184337096775
2023-02-12-20-47-49_128.0,6.712436401562501
2023-02-12-22-07-39_92.0,6.062001668253968
2023-02-13-01-10-58_82.0,6.526358271875
2023-02-13-09-01-17_161.0,5.975745854687499
2023-02-13-11-07-26_71.0,7.0430088015625
2023-02-13-14-05-14_104.0,6.844060936507937
2023-02-13-14-29-57_70.0,7.047653685714285
2023-02-13-15-48-24_72.0,5.944149346875001
2023-02-13-16-23-57_150.0,6.6101269328125
2023-02-13-16-56-52_142.0,6.405250412500001
2023-02-13-17-32-20_72.0,6.633526228125
2023-02-13-19-03-32_69.0,7.205904479687501
2023-02-13-21-09-49_92.0,6.1991340296875
2023-02-13-21-21-17_142.0,6.091373965079364
2023-02-13-22-31-09_163.0,6.301413675
2023-02-13-22-53-09_142.0,6.470259464062499
2023-02-14-02-37-41_150.0,6.85755130625
2023-02-14-08-59-31_134.0,5.301442075000001
2023-02-14-09-44-47_140.0,5.824165274603176
2023-02-14-10-06-53_77.0,7.3351131953125
2023-02-14-13-29-33_72.0,7.201813003174604
2023-02-14-14-50-40_107.0,6.768496950793651
2023-02-14-15-46-33_150.0,7.0824276629032274
2023-02-14-17-19-53_84.0,6.454385084126984
2023-02-14-18-03-52_69.0,7.068637573437501
2023-02-14-18-03-56_80.0,6.961685124193549
2023-02-14-19-00-46_94.0,6.5219541515625
2023-02-14-19-12-28_94.0,6.5377324640625005
2023-02-14-19-45-37_83.0,6.815932901587301
2023-02-14-20-08-02_141.0,6.504758036507937
2023-02-14-20-52-27_137.0,6.4498304046875
2023-02-14-23-12-02_86.0,6.718881012500001
2023-02-14-23-12-14_96.0,6.3517378578125
2023-02-15-08-41-47_161.0,6.621845811290322
2023-02-15-08-41-58_129.0,10.34756414516129
2023-02-15-11-29-06_89.0,6.9178620328125
2023-02-15-11-51-21_72.0,5.877134042857143
2023-02-15-12-37-47_103.0,7.433169249999999
2023-02-15-13-33-23_141.0,6.2513554078124995
2023-02-15-13-44-16_142.0,7.315257325806451
2023-02-15-15-51-59_120.0,6.9307561812500005
2023-02-15-17-10-43_69.0,6.6947271682539675
2023-02-15-17-10-48_113.0,7.1825045890625
2023-02-15-17-46-28_107.0,7.4703099730158735
2023-02-15-18-20-05_77.0,6.711650944444445
2023-02-15-19-07-14_135.0,5.3384944730158725
2023-02-15-19-20-10_129.0,6.973922478125
2023-02-15-20-17-18_154.0,6.3910687234375
2023-02-15-21-47-16_75.0,6.6573304
2023-02-15-22-22-35_94.0,7.890447426562501
2023-02-15-23-09-14_87.0,7.5262897269841265
2023-02-16-00-19-19_150.0,6.708867081967212
2023-02-16-01-16-16_139.0,6.957116611111111
2023-02-16-02-59-49_140.0,6.012719683870968
2023-02-16-08-16-02_70.0,6.371982584375
2023-02-16-11-15-58_77.0,5.992142319047619
2023-02-16-11-16-11_140.0,5.73397290483871
2023-02-16-15-27-55_115.0,10.569218774603174
2023-02-16-16-00-58_71.0,7.327815544262294
2023-02-16-16-13-04_162.0,6.6679706564516135
2023-02-16-17-22-53_70.0,6.097328165625
2023-02-16-17-46-21_139.0,5.734534057142858
2023-02-16-18-42-29_156.0,9.935297363934424
2023-02-16-18-53-45_70.0,6.4403369328125
2023-02-16-19-05-09_139.0,6.939392304838709
2023-02-16-19-39-29_69.0,7.3972947274193555
2023-02-16-21-56-26_140.0,7.065636623809523
2023-02-16-22-07-49_97.0,6.2952500328125005
2023-02-16-22-42-36_89.0,6.95870400625
2023-02-16-23-39-47_154.0,6.313413399999998
2023-02-17-01-44-50_122.0,8.707909523809525
2023-02-17-02-29-03_106.0,6.933884393650794
